{"msg": "OK", "data": [{"envs": [{"score": 1052.0, "id": "a2fa041c-7e66-47cc-bfec-0ce10220c68b"}, {"score": 433.0, "id": "f2606511-9751-4bca-a748-a92dd986f9af"}, {"score": 966.0, "id": "ad78c41e-f344-45a5-b618-1a4e936cd311"}, {"score": 708.0, "id": "c4e621de-f819-4bfa-b1e0-8271a4af9fe8"}, {"score": 773.0, "id": "9f3fb503-ff7f-4ff0-9e89-ad0c86d68767"}, {"score": 836.0, "id": "d2775a7d-3d0a-4fcd-bae8-a6b46b5e8c89"}, {"score": 824.0, "id": "a3dc5ec0-cdc3-455f-9999-a9da8ac3548f"}, {"score": 1102.0, "id": "710dccae-fb1e-4394-9edb-a24b4d269442"}, {"score": 988.0, "id": "ca90c9dc-5175-4b86-bb99-45ae0799bf6b"}, {"score": 1283.0, "id": "9e96f046-0a01-4f4b-87b3-8851dec58747"}], "name": "user0", "avg_score": 896.5}, {"envs": [{"score": 1208.0, "id": "79658e2e-a800-45ba-b4b5-92ae7624dcf1"}, {"score": 668.0, "id": "cda08393-cf49-40de-98e7-ad0bf09c2b4a"}, {"score": 1067.0, "id": "8637d6c3-0c44-447d-b168-afad7b1fa05b"}, {"score": 631.0, "id": "67731df0-2c12-44aa-b3e6-8e55d1c8caaf"}, {"score": 1206.0, "id": "49d7f0b2-9591-4857-8677-57fddbe91580"}, {"score": 1087.0, "id": "976da369-654e-4e36-b23f-da82fc2dc597"}, {"score": 532.0, "id": "0d17e67e-9293-46b3-b8b3-bf12187401a5"}, {"score": 803.0, "id": "0c2ba1ea-27ad-4bd4-9f4a-f0274b8a0684"}, {"score": 1079.0, "id": "52bcbc57-f426-4be8-934f-786b34bfc836"}, {"score": 669.0, "id": "e7c909bb-e809-4da8-afec-c113180fa96f"}], "name": "user1", "avg_score": 895.0}]}